Topic,question,answer
Cricket,many times india odi world cup, 2 times
Cricket,two countries odi world cup times, India & West Indies
Cricket,cricketer known rawalpindi epress, Shoaib Akhtar
Cricket,cricketer known little master, Sunil Manohar Gavaskar
Cricket,cricketer known multan ka sultan, Virender Sehwag
Cricket,largest international cricket stadium world, Motera Stadium in India
Cricket,smallest international cricket stadium world, Eden Park in New Zealand
Cricket,first one day international odi match played," 5th Jan, 1971"
Cricket,first official test match played, 1877
Cricket,country odi world cup, India
Cricket,oldest test cricket playing country world, England
Cricket,world oldest cricket ground," The Lord's Cricket Stadium, England"
Cricket,country odi world cup, Australia
Cricket,dimension cricket field, There is no fixed dimension for the field It usually varies between 437 feet to 500 feet
Cricket,cricketer hit world fastest odi cricket, AB de Viliers
Cricket,cricketer hit world fastest odi cricket, AB de Viliers
Cricket,highest wicket taker odi cricket, Muttiah Muralitharan
Cricket,country odi world cup, Australia
Cricket,highest wicket taker test cricket, Muttiah Muralitharan
Cricket,highest wicket taker cricket, Lasith Malinga
Cricket,country number world cup titles, Australia
Cricket,current ceo icc, Manu Shawhney
Cricket,player man tournament icc world, Virat Kohli
Cricket,country number icc world cup, West Indies
Cricket,cricketer made number odi runs, Sachin Tendulkar
Cricket,cricketer hit highest test score, Brian Lara
Cricket,cricketer highest runs test cricket, Sachin Tendulkar
Cricket,country odi world cup, India
Cricket,official name first world cup, Prudential World Cup
Cricket,cricketer maimum number sies odi, Shahid Afridi
Cricket,country first world cup, West Indies
Cricket,england highest test score india, 759/7d
Cricket,made highest first wicket partnership odi match, JD Campbell and SD Hope(West Indies)
Cricket,made highest first wicket partnership test match, Graeme Smith and Neil Mckenzie(South Africa)
Cricket,country odi world cup, India
Cricket,first indian player cross odi runs, Sachin Tendulkar
Cricket,first player cross test wickets, Courtney Walsh
Cricket,first cricketer score double century odi, Sachin Tendulkar
Cricket,first cricketer score double century test match, Don Bradman
Cricket,national cricket team also known proteas, South Africa
Cricket,country played maimum number odi matches, India
Cricket,country played maimum number test matches, Australia
Cricket,first captain australian cricket team, Dave Gregory
Cricket,first captain england cricket team, James Lillywhite
Cricket,country odi world cup, Sri Lanka
Cricket,cricketer highest individual score test cricket, Brian Lara
Cricket,cricketer highest individual score odi cricket, RG Sharma
Cricket,first day night match played, 1992
Cricket,cricketer number catches odi cricket, Mahela Jayawardene
Cricket,first cricketer take hat trick world cup, Chetan Sharma
Cricket,first cricket club india, Oriental Cricket Club
Cricket,first cricket club australia, Melbourne Cricket Club
Cricket,first cricket club england, Marylebone Cricket Club
Cricket,first indian cricketer score triple century tests, Virendra Sehwag
Cricket,cricketer scored first triple century test match, Andy Sandham
Cricket,first ever woman appointed referee, GS Lakshmi
Cricket,award called oscar cricket, ICC Award
Cricket,magazine called bible cricket, Wisden
Cricket,player highest stumping record odi matches, MS Dhoni
Cricket,first woman score double century test cricket, Kirsty Flavell
Cricket,country called father game cricket, England
Cricket,weight ball used cricket," 155 grams, 168 grams"
Cricket,circumference cricket ball, 20.79 cm to 22.8 cm
Cricket,maimum permissible length bat cricket, 38 inches
Cricket,height stump ground cricket, 28 inches
Cricket,length cricket pitch, 20.12 m
Cricket,basis rule decision winning losing cricket match interrupted due rain low light, Duckworth-Lewis Rule
Cricket,year india become second one day cricket world cup winner, 2011
Cricket,country famous venue cricket game sharjah, United Arab Emirates
Cricket,game word beamer used, Cricket
Cricket,term silly point used game, Cricket
Cricket,whose autobiography true colors, Adam Gilchrist
Cricket,whose book shane warnes century top 100 test cricketers, Shane Warne
Cricket,donald bradman great player game, Cricket
Cricket,book ronald parry describes bradman dream team, Bradman’s Best
Cricket,mithali raj famous sportsperson sport, Cricket
Cricket,cricketer matthew hayden player country, Australia
Cricket,premdasa stadium related cricket located," Colombo, Sri Lanka)"
Cricket,irani trophy related sport, Cricket
Cricket,prudential cup related sport, Cricket
Cricket,benson hedges trophy related game, Cricket
Cricket,headquarters international cricket council icc highest institution cricket located, Dubai
Cricket,polly umrigar famous sportsperson sport, Cricket
Cricket,test series cricket related ashes cup, Australia-England Test Series
Cricket,first cricketer score double century odi international cricket, Sachin Tendulkar
Cricket,vijay hazare trophy related sport, Cricket
Cricket,colin cowdrey famous cricketer country, England
Cricket,first test cricket captain india, C.K. Naidu
Cricket,first female umpire india, Anjali Roy
Cricket,first test centurion indian cricket, Lala Amarnath
Cricket,first indian player scored triple century test cricket, Virendra Sehwag
Cricket,cricket umpire known nickname great dealer, Dicky Bird
Cricket,author sourav ganguly maharaja cricket, Devashish Dutta
Cricket,test cricket shared highest number runs 576 wicket far,etween Sanat Jayasuriya and Roshan Mahanama (Sri Lanka)
Cricket,wankhede stadium mumbai famous ground sport, Cricket
Cricket,superma cricket modern version cricket much time set innings 10 overs teams, 45 minutes
Cricket,richard headley famous cricketer country, New Zealand
Cricket,magazine called bible cricket, Wisden
Cricket,award called oscar cricket, ICC Award
Cricket,year india become champion world cup cricket first time,983 AD
Cricket,sports ground called mecca cricket," Lord’s, London"
Cricket,author book miracle sachin, Lokesh Thani
Cricket,rahul dravid surname," Mr. Dependable, The Wall, The Great Wall, Jammy"
Cricket,first indian cricketer score hat trick international test match, Harbhajan Singh
Cricket,highest wicket taker history test cricket, Muthiah Muralitharan
Cricket,muttiah muralitharan famous cricketer country, Sri Lanka
Cricket,third bowler world take 600 wickets test cricket, Anil Kumble
Cricket,first cricketer honored rajiv gandhi khel ratna award, Sachin Tendulkar
Cricket,first odi cricket world cup held, 1975 A.D
Cricket,winner first odi cricket world cup, West Indies
Mobile,android instant apps rise,Android app developers or people who have an app available on the Google Play Store have probably heard of Android Instant Apps.
Mobile,mobile artificial intelligence,"In , we are one step closer to robots taking over the world. Iâ€™m kidding, of course."
Mobile,mobile security,Businesses need to start prioritizing mobile security to protect user information and make sure that all transactions are safe.
Mobile,geofencing location based services,"Itâ€™s no secret that mobile apps are tracking the location of their users. In fact, users are giving them permission to do so."
Mobile,mobile applications small businesses,Mobile applications are no longer just for the giant companies anymore. Any business in any industry needs to have a mobile app. It doesnâ€™t matter how big or small your company is.
Mobile,augmented reality incorporated apps,More mobile apps will adapt to augmented reality in .
Mobile,apps built transportation evolving,Transportation apps are changing.
Mobile,mobile app revenue rise,The Google Play Store and the Apple App Store both saw a major increase in app revenue last year. What caused this?
Mobile,wearable technology paired mobile apps,In  weâ€™ll see an increase of wearable mobile tech. Iâ€™m talking about things like:
Mobile,people control homes mobile app,More consumers are going to use mobile tech to improve their experience in their homes.
Mobile,cross platform mobile development,Mobile app developers who want to launch their app for Android and iOS devices will start to take advantage of cross platform mobile application development tools.
Mobile,mobile payments rise,"With an increase in global app revenue as well as a more positive outlook on mobile security, mobile payments will be on the rise in ."
Mobile,virtual reality apps,Earlier we discussed augmented reality apps. But virtual reality will continue to grow in  as well.
Mobile,biometrics,Biometrics are officially part of the mobile application world.
Mobile,cloud based technology,"Based on researchÂ and expert predictions, the cloud market is growing at a rate of % CAGR."
Mobile,personalization still king,One thing that wonâ€™t change in  is personalization.
Mobile,byod,"In the past, businesses didnâ€™t want employees to use their own computers, laptops, phones, tablets, and other mobile devices for work. Hereâ€™s why businesses were hesitant in the past to adapt to the bring your own deviceÂ concept."
Mobile,app gestures,Touch has now become a norm in the mobile app space. 
Mobile,minimalistic interface,"A faster, easy to load app must be easy on the usersâ€™ eyes as well. "
Mobile,user boarding,"The impression that the app users get, the first time they use an app, decides its fate with that user. An out-of-the box on-boarding experience is crucial for the success of the app. When the user comes on-board, it is their first tryst with the app and if you can sell the application at this time, the task is done."
Mobile,user boarding,"Every story has an ending that should be equally inviting. Provide your users with a happy passage while exiting the app. For example, if itâ€™s a gaming application, you can tell them about the points they have accumulated in the completed session. You can congratulate them and motivate them to come back again for more action. A pleasant off-boarding experience will surely get the user to talk about the app and get you word-of-mouth publicity."
Mobile,internet things,The Internet of Things technology has been around for a while and has added tremendous value to businesses globally.
Mobile,animated motion based design,Motion based design adds to the delight of the users. Animations are used to communicate the story behind each feature and functionality.
Mobile,5g global adoption,"The June 2022 Ericsson Mobility Report shows that around 580 million mobile consumers chose 5G subscriptions by the end of 2021. In 2022, the number is expected to hit 1 billion, which by 2027 will be 4.4 billion. "
Mobile,progressive web apps,"Progressive Web Apps (PWA), also referred to as Hybrid apps, are utilized to build web technologies that are on track to become mobile app future trends. They are employed to provide the users with experience equivalent to native apps. "
Mobile,mobile payments,"Payment apps  have been around for a while now and as of now the market is strong and diverse, with great solutions coming from banks, operators and independent service providers contributing to its continuous growth. The list of available solutions is impressive: PayPal, Google Pay, Apple Pay, Samsung Pay, Venmo, Cash App, Zelle… and many more. "
Mobile,commerce mobile commerce,"Mobile commerce was one of the most significant mobile trends in 2022 and will be in 2023. Adhering to the lockdown and social distancing scenario, mobile commerce sales have risen at a surprising rate."
Mobile,wearables,"From smart jewelry (rings, wristbands, watches) to body-mounted sensors and fitness trackers, people use wearables for various purposes. According to Statista, the number of wearables will reach more than 1 billion by the end of 2022. In 2023 the wearables market is set to surpass $54 billion according to Globaldata."
Mobile,foldable devices,"Within the categories of digitalization, the employment of foldable devices will remarkably increase between 2023 and 2027. According to Technavio, the size of the market is expected to grow by more than $73 billion (at a CAGR of over 15%). So far, foldable devices have been one of the strongest trends in the mobile domain. With their growth, the mobile app development industry has taken a surprising turn. Thus, if you utilize this trend, it can help boost your business efficiently."
Mobile,mobile virtual reality,"Virtual reality is something creative folks around the world have been trying to tackle for a long time now, with varying results. Enter 2022 and Metaverse. Regardless of how we perceive this project, it surely has left an impact. Now, according to credible sources and our own predictions, it seems that after years of experiments, interesting developments followed by spectacular flops (or quiet whimpers), the market is steadily evolving into something that might work on a larger scale."
Mobile,mobile augmented reality,What is currently bigger and more widely available now (as of 2022)?
Mobile,beacon technology,"Beacon technology means using small devices (beacons) to communicate with mobile phones and apps in their proximity. Beacons can be used to greet mobile app users of shopping apps in real life locations… and send them some extra offers. Patients can be guided in large facilities straight to their doctors, streamlining registrations and check-ins."
Mobile,super apps,"Super Apps is a term for large mobile applications that integrate multiple functionalities, thus replacing a number of smaller, separate apps."
Mobile,mobile security two step authentication biometrics,"The more integrated into our lives mobile apps become and the larger their range of services, the bigger the pressure on security. Super apps may serve as a prime example of why new methods for authentication will matter more in 2023 and beyond."
Mobile,internet things,"More things will access the Internet and have their apps. From Smart TV’s to a wide range of devices, including air filters, house alarms and monitoring, lightning systems, kitchen appliances… and smart cars or assistants like Amazon’s Alexa."
Mobile,customization optimization,"In the context of Super Apps, the Internet of Things, beacon technologies as well as AR / VR, many companies find that in the process of increasing mobile app revenue creating a cohesive business environment and great user experience is even more challenging than developing the technology itself."
Mobile,artificial intelligence machine learning,"The larger the scale, the more sophisticated our solutions need to become. Artificial intelligence and machine learning will be crucial in the process of optimizing user experience and ultimately allowing the best customization of mobile apps possible. From news-feeds, product recommendations, notifications, usage patterns and security measures — AI / MR will be a key tool for providing analytics teams with data."
Mobile,localization,"After analyzing hundreds of A/B tests conducted through our platform SplitMetrics Optimize, we highly recommend all mobile app developers and publishers: localize your product and product pages on all app stores."
Mobile,mobile trends 2023,"Without the shadow of a doubt, mobile technology is the future. By using all of these mobile trends, businesses can shape and design their growth model accordingly. Besides, some of these trends are more likely to evolve into a less complex system, rendering companies enough room to flourish. "
Technology,chatgpt generative ai,"Generative AI and OpenAI’s GPT-3 (Generative Pretrained Transformer 3) are among the important emerging technologies in the field of AI.
Generative AI refers to a subset of AI that focuses on creating new content, rather than just analyzing and recognizing existing data. This includes techniques like Generative Adversarial Networks (GANs), Variational Autoencoders (VAEs), and language models like GPT-3."
Technology,digital immune system,"The Digital Immune System combines various practices and technologies to make critical applications more resilient to bugs. Thereby making it easier for them to recover, sustain their services, manage risks, and maintain business continuity. According to Gartner, businesses that invest in digital immunity will increase customer satisfaction by decreasing downtime by 80%."
Technology,applied observability,"Applied Observability is the ability to penetrate deep into modern distributed systems for faster and automated problem detection and resolution. Through applied observability, you monitor the internal state of a complex system by gathering, comparing, and examining a steady stream of data and catching issues to remedy them at the earliest."
Technology,ai trism,"AI TriSM stands for AI Trust Risk & Security Management. It ensures that AI technology does what it is intended to do in a trustworthy, fair, reliable, effective, and secure manner. Additionally, it helps to protect the exchanged data, manage governance, safeguard privacy, and detect anomalies to protect the critical functions of your enterprise."
Technology,industry cloud platforms,"Using Industry cloud platforms, companies can create more agility in how they manage their workloads. They can also accelerate changes in business processes, data interrogation, and compliance procedures. They combine platform, software, and Infrastructure as a service to fine-tune adaptability, accelerate time to value, and capture the needs of vertical industry segments."
Technology,platform engineering,Platform engineering improves the developer experience and increases productivity through automation and self-service capabilities to speed up the delivery of apps and facilitate better collaboration between operators and software developers. It intends to modernize enterprise software delivery through reusable tools and capabilities.
Technology,wireless value realization,"The next-gen wireless will not only improve connectivity but also help optimize processes for higher reliability, lower costs, fewer risks, and increased productivity. Different wireless technologies will work cohesively on a single infrastructure and utilize capabilities to facilitate the shift toward digital transformation more seamlessly."
Technology,superapps,"An all-in-one and versatile application that can replace the numerous apps in your personal life or business ecosystem. According to Gartner, more than 50% of the global population will be daily active users of superapps. These Superapps could even have mini-apps that will act as add-ons and provide benefits above and beyond the existing capabilities."
Technology,metaverse web3,"Metaverse and Web 3.0 are all set to provide an entirely different dimension to interactions and everyday experiences. AR, AI, VR, ML, IoT, and Blockchain will come together to create a connected, secure, and immersive virtual world where avatars will begin to significantly impact our personal and commercial lives. Metaverse opens a “Second world” and provides more business opportunities to connect with consumers."
Technology,quantum computing,"Quantum computing is another emerging technology that will catapult business operations and industry value chains to another level. According to McKinsey, Quantum computing has the potential to capture nearly $700 billion in value as early as 2035. Quantum computing could accelerate technologies, fast-track drug research, and crack encryption more effortlessly."
Technology,trust blockchain,"Blockchain as a trust-building technology will gain traction in 2023. Encryption, privacy, community control, immutability, traceability, and decentralization are pillars of Blockchain that ensure it stays trustworthy. The ability to validate – increases security, lowers costs, elevates speed, and builds confidence. Blockchain eliminates intermediaries and creates a single secure path toward the end goal."
Technology,sustainable technology,"What if technology could provide a means to track metrics to minimize carbon footprint, support environmental laws, and monitor social governance? As we near 2023, expect to see more innovative and impactful digital solutions to monitor and steer an organization’s eco-friendly objectives. These cutting-edge solutions will help them be more nature-centric and meet Environmental, Social, and Governance (ESG) outcomes.
Sustainable technology will also help optimize costs, improve energy performance, and improve your asset utilization. Technology will catalyze the objectives of companies looking to go greener. They will be able to control direct emissions, reduce waste, minimize indirect emissions, and more through AI, Cloud, IoT-enabled environmental sensors, analytics, etc., to control energy resources and waste management."
Technology,wi fi 6 7,"802.11ax 9.6 Gbps Wi-Fi 6 supports 2.4 GHz and 5 GHz frequency bands, runs on a WPA3 security protocol, and supports up to 160 MHz Channel Bandwidth. Meanwhile, 802.11E 30 Gbps Wi-Fi 7 supports 2.4 GHz, 5 GHz, and 6 GHz frequency bands. It supports up to 320 MHz Channel Bandwidth and relies on a WPA3 security protocol."
Technology,drone technology,"Drone Technology is positioned for takeoff in 2023. The supply chain is already pretty disrupted, and any unpredictability affects logistics and delays deliveries. This leads to unfulfilled orders and ruined business ties. What if businesses could shift last-mile deliveries to unmanned aerial drones and let them reach hard-to-reach places?"
Technology,devsecops,"Security is no longer an afterthought in SDLC. Leaving security till the penultimate stages can throw up errors, which may require a complete rewrite, proving inefficient, costly, and delaying your time to market. In DevSecOps, coding standards for developers come with security at the core to ensure the code comes out pre-vetted with security in mind at every phase."
Sachin Tendulkar,write bio sachin tendulkar,". Thank you for writing a bio about Sachin Tendulkar! Sachin Tendulkar is widely regarded as one of the greatest batsmen in the history of cricket. He made his international debut at the age of 16 and went on to become the most prolific run-scorer in international cricket, with over 34,000 runs across all formats. He also holds numerous batting records including most centuries (100 or more runs) scored in both Test matches and One Day Internationals. His achievements have earned him many accolades, including being named Player of the Tournament at the 2003 Cricket World Cup and receiving India's highest sporting honor – The Bharat Ratna Award – in 2014."
Sachin Tendulkar,tell name wife sachin tendulkar,". Thank you for writing a bio about Sachin Tendulkar! Sachin Tendulkar is widely regarded as one of the greatest batsmen in the history of cricket. He made his international debut at the age of 16 and went on to become the most prolific run-scorer in international cricket, with over 34,000 runs across all formats. He also holds numerous batting records including most centuries (100 or more runs) scored in both Test matches and One Day Internationals. His achievements have earned him many accolades, including being named Player of the Tournament at the 2003 Cricket World Cup and receiving India's highest sporting honor – The Bharat Ratna Award – in 2014."
Process Analyzes Allo Raw Text,name process analyzes allo raw tet,"Question Then Model Return The Answer Of That Question. Otherwise User Input Go To Chatgpt Api  Function And Get Answer Fro M Chatgpt.     Working Of Model.          Url Scrapping     In This Task We Only Enter The Url Of Any Website. Code Will Automatic Extract Raw Data From The Url  And There Is Also Data Cleaning  Function. This Function Removes All Extra Spaces , Special Characters   And Symbols And Unwanted Keywords.     After That We Have Made A Machine Learning Model . This Model Analyse The Allo Raw Text Which Is  Extracted From The Website And Make Question Answer From That Text. This Process Analyze By  Machine Learning And Nlp Model .         Flow Chart Of Url Scrapping Task.                                        Pdf Upload     User Will Upload Pdf. First Of All , Code Will Check Pdf Encrypted Or Not. If Pdf Encrypted Then It  Will Return Nothing . If Pdf Not Encrypted Then Code Extract All Raw Data From The Pdf And Clean All  The Data.     After That Question Answer Trained Model An Alyze All The Raw Data And Make Pair Of Question  Answer From That Text.           Flow Chart Of Pdf .."
Process Analyzes Allo Raw Text,name process analyzes allo raw tet,"Question Then Model Return The Answer Of That Question. Otherwise User Input Go To Chatgpt Api  Function And Get Answer Fro M Chatgpt.     Working Of Model.          Url Scrapping     In This Task We Only Enter The Url Of Any Website. Code Will Automatic Extract Raw Data From The Url  And There Is Also Data Cleaning  Function. This Function Removes All Extra Spaces , Special Characters   And Symbols And Unwanted Keywords.     After That We Have Made A Machine Learning Model . This Model Analyse The Allo Raw Text Which Is  Extracted From The Website And Make Question Answer From That Text. This Process Analyze By  Machine Learning And Nlp Model .         Flow Chart Of Url Scrapping Task.                                        Pdf Upload     User Will Upload Pdf. First Of All , Code Will Check Pdf Encrypted Or Not. If Pdf Encrypted Then It  Will Return Nothing . If Pdf Not Encrypted Then Code Extract All Raw Data From The Pdf And Clean All  The Data.     After That Question Answer Trained Model An Alyze All The Raw Data And Make Pair Of Question  Answer From That Text.           Flow Chart Of Pdf .."
Process Analyzes Allo Raw Text,process analyzes allo raw tet,Question Then Model Return The Answer Of That Question. Otherwise User Input Go To Chatgpt Api  Function And Get Answer Fro M Chatgpt.     Working Of Model.          Url Scrapping      If Pdf Encrypted Then It  Will Return Nothing . If Pdf Not Encrypted Then Code Extract All Raw Data From The Pdf And Clean All  The Data.     After That Question Answer Trained Model An Alyze All The Raw Data And Make Pair Of Question  Answer From That Text.           Flow Chart Of Pdf ..
Sample Game Live,sample game rules live,Sample Of Game Rules To Live By:
